time,rating
3609342318310856
21.961264800000002,0.42346874082425817
32.6473244,0.5410014783256714
43.4346403,0.536179154886658
54.1547571,0.5886029170269464
65.0232305,0.5452080430216925
75.8920958,0.5524658660761342
